index,Y
3873,0
3625,0
3028,0
13814,1
15398,1
13244,0
2516,1
3008,0
2619,0
2525,1
7165,0
14439,0
11871,1
15542,0
8494,1
5076,0
9981,0
3358,1
14159,0
2084,0
12,0
5354,0
10231,1
9636,1
1145,1
15159,0
4974,1
4547,1
2365,0
461,1
5978,1
1328,1
4554,0
556,1
6028,1
2795,0
2298,0
12207,0
12163,1
1818,1
6785,0
10697,1
15268,0
10397,1
14101,0
1290,1
10018,1
1746,0
11479,1
3571,1
7958,1
5911,0
6861,1
13645,1
8174,1
11891,0
10154,0
2043,0
10612,0
4595,1
1785,1
10233,1
6171,1
1568,1
15071,1
4446,0
8485,1
8000,0
15332,0
6409,1
12804,1
13578,0
15233,0
16327,0
5499,1
16607,0
4558,1
4269,1
3069,0
3239,1
4003,1
14825,0
16622,1
11903,1
13006,0
7679,1
12239,1
10972,1
14682,0
4110,1
12892,1
16024,1
7256,0
5571,1
15564,1
16780,1
13724,0
6284,0
154,1
8377,0
10344,1
4036,1
2614,0
1156,0
13135,0
3567,0
14094,0
4408,0
14736,1
841,1
11594,1
6935,1
9721,0
10668,1
7141,0
6755,1
9260,0
2959,0
4627,1
16951,1
159,1
952,1
13353,1
9074,1
4011,0
11661,0
752,0
15996,1
9518,1
9512,1
13547,1
7277,0
8,0
654,1
16897,1
15213,1
8868,1
1569,0
16065,1
4583,1
5473,0
11213,0
13190,1
11692,0
275,0
9867,1
14882,0
14173,1
6114,1
14558,0
12999,0
1884,0
5344,0
2400,1
2253,0
8105,1
2805,0
10109,0
4129,0
12908,0
1086,1
142,0
13362,1
5063,0
13012,0
10339,1
5951,1
103,0
14292,1
4311,0
3158,0
12924,1
4897,0
3638,1
8876,1
13080,0
14959,0
9880,1
12768,1
3980,1
3126,1
12461,0
7563,0
2006,1
7635,0
12127,0
3520,1
11826,1
7272,0
10251,1
2457,0
15901,0
15060,1
10898,0
2610,1
8574,1
12589,1
13851,1
7227,1
12251,1
14869,1
2252,1
9391,0
10190,0
13718,0
5136,0
7511,1
16379,1
5283,0
7760,1
4965,1
9269,0
7279,1
8469,1
1894,1
15270,0
5490,0
3872,0
7049,0
2384,0
15123,1
3523,1
14287,1
14214,0
2241,1
16994,1
9503,1
5560,1
5918,0
15614,0
15748,0
10037,0
1992,1
15904,0
9480,0
10592,1
4336,1
9129,1
44,1
11226,0
1392,1
16307,0
7254,1
13441,0
11658,0
15010,1
3153,0
7475,1
2122,0
3585,0
1124,1
4343,0
16890,1
499,1
791,0
51,0
4701,0
4872,0
489,1
9528,0
13949,0
8269,0
6338,1
13792,1
1846,1
1310,1
13092,1
2791,0
1352,1
7148,1
9617,1
13053,0
11254,1
3909,0
12000,0
13223,1
12015,0
15183,0
14201,1
252,1
5825,1
8399,0
4853,1
5105,0
13112,1
15043,1
5492,0
3055,1
14436,1
12447,1
9737,0
6768,1
3388,1
10117,1
5528,0
10564,0
1204,0
5609,1
2509,0
15513,1
1182,0
7815,1
6361,0
14679,0
2351,1
12044,0
8731,0
16877,1
8879,0
10371,1
1919,1
3459,1
12182,0
11972,0
5274,0
16996,1
15454,1
7123,0
13552,1
11066,0
1624,0
7639,1
5601,0
5868,0
7842,1
8998,0
9506,0
8791,0
5804,0
6908,0
10403,1
10960,0
5120,0
8214,1
8482,1
7821,1
16290,1
9559,1
5527,1
11188,1
9947,0
10965,0
9451,1
11706,0
14339,0
15482,0
663,1
6893,1
9267,1
5916,1
15406,0
6303,0
11311,0
10880,1
8578,0
12184,0
4390,0
1018,1
12838,1
9062,0
6910,0
11484,1
5186,0
4435,1
16031,0
9470,0
2948,0
13222,0
6996,1
10333,0
12210,1
3120,1
13753,0
3948,0
9426,0
12371,0
13373,1
5057,0
1482,1
15031,0
8182,1
14196,0
7117,1
3472,1
15883,0
3269,0
9634,1
5771,1
7182,0
8619,1
13570,0
7082,0
380,1
6753,1
11386,1
4228,1
9761,0
5849,1
48,1
16186,1
7948,0
9138,0
1984,0
2956,1
14909,1
768,1
13579,0
14345,0
3793,0
13319,0
2092,1
212,1
7890,0
7157,1
16223,0
7298,0
763,0
548,0
7693,0
1583,1
15261,0
4456,0
15067,1
4067,0
11323,0
1727,0
14947,1
7402,0
12964,0
13850,1
2570,0
12743,0
5775,1
15135,0
5991,0
5979,1
7520,1
12986,1
8560,1
6138,0
16352,0
14648,0
7989,1
16850,1
5838,1
1957,0
9333,0
15555,0
11419,1
1854,0
3116,1
9575,0
10700,0
7535,1
2192,1
13308,0
18,1
13905,0
7955,1
3487,1
2891,1
2763,0
8820,0
8491,0
124,1
11289,1
8402,0
3253,1
10326,0
13093,0
13104,1
974,0
10667,0
591,1
1013,1
7292,1
15373,1
12123,1
1794,1
4144,1
624,1
9416,1
3943,0
9656,0
10763,0
13091,0
4661,0
1657,0
766,0
4374,1
13935,1
578,1
9932,1
11923,0
5201,0
12898,1
13789,1
5924,0
13215,1
14631,0
7715,1
10495,0
8111,1
2402,0
8652,1
10831,1
14686,1
4066,1
536,0
12094,1
10101,0
13352,0
14976,0
4752,1
2573,0
11091,1
3010,0
8584,0
2332,1
13207,0
11927,0
5315,0
6292,1
15259,0
16879,0
1707,0
4493,1
8354,1
4114,0
16522,0
16294,0
4136,1
10149,0
12971,0
8227,1
6792,0
13589,0
12758,0
1425,1
8013,1
449,1
9997,1
5587,0
6595,0
1752,1
14873,1
5419,0
10252,0
13164,1
13582,0
11559,0
11847,0
4139,0
13117,1
15804,1
14748,1
12104,1
4874,0
1377,0
3277,0
214,1
15504,0
8006,0
424,0
12976,0
14380,0
7712,0
382,1
10537,0
2767,1
15851,1
4532,0
4857,1
15351,0
9977,1
1889,0
11159,1
8488,0
14907,0
2536,1
8805,1
13187,1
575,1
8664,0
4711,0
12866,0
2839,0
14375,1
14308,0
2818,0
13456,1
6973,0
989,0
16011,1
8115,1
6699,0
10798,0
335,1
15873,0
1956,0
11377,0
1358,1
5697,0
3197,0
664,1
1523,1
4708,0
381,0
1495,1
3733,1
10011,0
3864,0
7449,1
15050,0
16970,1
12319,0
12412,0
12430,1
4582,1
11005,0
7804,1
14449,0
10104,0
16624,1
9578,0
10985,0
9224,0
13087,1
12928,1
9701,1
14451,1
14002,0
4911,0
15951,0
3735,1
16515,1
9301,0
1187,0
1143,0
8163,0
14654,1
13342,0
775,0
10243,1
10674,0
13248,1
3444,0
13654,1
2585,0
4298,1
11363,1
10507,1
5095,0
2111,1
6213,0
3432,1
10964,1
2095,0
16280,1
7044,0
9442,0
7286,1
6725,0
561,1
3341,1
9995,1
7149,1
11199,1
5424,0
8531,0
9197,1
16770,0
1847,0
8327,0
15802,0
8297,1
4719,1
1274,1
15877,1
1298,1
4166,1
503,1
9351,0
4422,0
14238,1
1921,1
8165,1
1861,0
8522,1
11021,1
402,1
14227,1
452,0
13434,1
13462,0
577,0
13925,1
6557,0
845,1
6304,0
12919,1
8103,1
2054,1
519,0
15575,1
8224,1
6737,1
1418,0
10342,0
5654,0
12896,0
14327,1
7331,0
6761,0
9573,0
5777,1
3515,1
6270,0
10906,0
10208,1
9277,0
12442,0
11343,1
7107,1
6784,0
6346,1
16418,1
8425,1
16882,1
2200,1
2676,1
16115,1
9550,0
1829,1
9967,0
233,1
12092,0
4563,1
16601,0
3144,1
15659,0
15459,0
1797,1
5172,1
9185,0
5566,0
379,0
13525,1
9780,0
12321,0
651,0
1586,1
12985,0
4507,0
9271,1
15856,1
14138,0
9452,1
1191,0
6983,0
13881,0
16965,1
12823,1
13577,0
13815,0
2031,0
5889,1
65,1
5476,1
3932,0
15073,0
9924,0
2310,1
5002,1
12671,1
16209,1
8344,1
15476,0
11806,1
971,1
12052,0
8031,0
16908,1
11606,0
10332,0
16041,1
14854,0
12159,0
5232,0
7740,1
8251,0
10622,1
223,1
1952,0
8369,0
8709,1
2641,0
3725,0
15150,0
3546,1
16234,0
10896,1
14816,0
3782,0
1915,0
16575,1
15388,1
1195,1
629,0
7950,1
5843,0
15593,1
5472,1
13872,0
10432,0
13995,0
3572,1
13321,1
431,0
11362,1
4999,0
14564,0
9238,1
9328,0
9670,0
14565,1
641,0
11083,1
8062,0
13413,1
5023,1
3160,0
15156,0
6901,0
3161,1
13460,0
4097,0
8935,0
4603,1
5625,0
1096,0
3184,0
4520,1
230,0
14638,1
4617,1
12616,0
6275,1
13945,0
11361,0
12143,1
15549,0
8520,0
74,0
1003,0
8462,0
11193,0
3213,1
7077,0
1541,1
1378,0
14465,1
11340,0
13830,0
11641,0
13394,1
11047,1
6204,0
3928,1
4691,1
7079,0
7212,1
7487,0
3410,0
11626,0
11172,0
3048,1
6161,1
11249,1
3439,0
9064,0
6704,1
9770,1
15142,0
13041,1
8090,0
2724,1
278,1
3641,1
3020,1
8754,1
8933,1
10764,0
10271,0
6476,0
10187,1
4787,1
1103,1
4391,0
16565,1
10827,1
3424,1
6088,0
8510,0
3198,1
7527,0
4436,1
12746,0
3870,0
5459,1
7005,0
15557,1
1993,1
12833,0
6821,0
12596,1
10476,0
12623,0
11279,1
2917,0
11282,0
8981,0
16708,1
3629,0
9491,0
11704,0
6882,1
6999,0
7588,0
13027,1
14211,1
15419,1
1783,1
16894,1
3639,0
486,0
3291,0
15070,0
9368,1
11915,1
221,0
3689,1
632,0
11591,1
10015,1
11038,1
2813,0
11600,1
15294,1
9844,0
13320,0
7004,1
2190,0
3914,1
12633,1
3990,0
15598,1
16437,1
7977,1
4410,0
15021,1
7143,0
7805,1
4602,1
4148,0
13039,0
8732,1
6295,0
7908,0
2670,1
6203,0
308,0
14263,1
15693,0
11545,0
11882,0
5061,1
14718,1
10409,1
10625,1
7911,1
9229,1
261,0
4855,1
14323,0
12911,1
8268,1
4502,0
1172,0
10659,0
13976,1
1540,1
10458,0
5606,0
8782,0
12649,1
5557,0
12340,0
14231,1
9830,0
2576,1
12783,0
496,1
8862,0
16536,1
12277,1
7069,1
15154,0
13903,1
11236,1
7660,0
14460,1
8746,1
12255,0
2267,1
13384,1
16264,1
406,1
10598,1
11851,0
14187,0
6804,0
10759,0
8430,0
7793,1
9652,1
6501,1
16427,1
8827,1
13174,0
5845,0
8484,0
2060,1
10214,0
16177,1
15227,0
10171,1
9061,1
7043,0
3265,0
4012,1
15911,0
13113,1
15663,1
6748,0
8050,1
15706,0
11163,0
713,0
9646,0
13044,0
6423,1
13988,0
1514,0
5968,0
14088,0
11154,1
8432,1
6925,0
6952,1
9851,0
9966,0
13870,0
16373,0
6017,0
12278,0
6878,0
12516,1
13165,1
10864,0
15011,0
1017,0
6520,0
13698,0
1476,0
8253,0
6648,0
5933,0
2052,0
4401,0
9432,0
2517,0
11541,0
2185,0
3336,0
579,0
9917,1
5687,1
9729,0
2952,0
8370,0
1069,1
2869,0
4655,0
8264,0
4024,1
5268,1
9561,0
16490,0
7699,1
7364,1
12832,1
15080,1
1334,1
5863,0
14332,0
5380,0
12693,0
619,1
13070,0
15280,0
1090,1
3719,0
12529,1
1603,0
13779,1
1194,0
15676,0
13397,0
5773,0
15079,0
1553,0
4171,0
15758,1
14205,0
14587,0
7583,0
14629,0
7491,0
14818,0
9398,0
4026,1
9454,0
4721,1
6969,1
1283,0
538,1
547,0
10462,1
4692,0
16578,1
5428,0
5495,0
16256,0
14029,1
6677,1
10774,1
3402,0
6875,0
8971,0
1427,0
2090,0
9610,0
5975,1
9640,1
8380,0
3710,1
5963,1
15136,1
927,0
2749,1
8466,0
2448,1
10048,0
16629,0
643,1
13026,0
3037,1
14984,0
16789,0
13574,0
5291,0
321,1
14176,0
12235,0
13800,0
7899,1
1303,0
13891,1
6493,0
1817,0
9136,1
16240,1
5108,0
8171,1
6297,0
3093,0
3899,1
10322,0
7530,0
5634,1
978,1
13296,0
6510,1
11219,0
14011,1
5753,0
16399,1
2468,1
7749,0
14692,0
13933,1
5938,0
1844,0
4637,0
8202,0
2049,0
1136,1
11462,0
12510,0
6655,0
13150,0
3675,0
11411,0
8833,0
1972,1
8173,0
12583,1
6807,1
11744,0
12836,1
9890,1
15238,0
2128,0
11754,1
574,1
5437,0
5350,0
9856,0
9010,1
10575,1
3849,0
13285,0
13967,0
15776,1
12223,1
9852,1
14764,1
11158,0
14620,0
14180,0
4658,1
13072,0
7384,1
16195,1
914,1
3536,0
2569,0
4954,0
808,1
15353,1
15994,1
12544,1
15409,1
3018,1
14362,0
8790,1
196,1
15334,0
16599,0
11653,1
9983,0
3974,1
12195,0
1469,0
3740,1
14954,0
13082,0
7466,0
5589,1
4430,1
9678,1
10433,0
11307,1
3538,1
15934,1
2663,0
6381,1
6016,0
16086,0
280,1
14428,1
2193,0
14253,1
15125,1
6593,1
13060,1
2436,0
14970,0
14200,0
1235,1
5356,0
14763,0
7127,1
3913,1
11547,0
2124,1
3494,1
5934,0
15941,0
5460,0
7668,1
14972,0
12495,0
16666,0
15534,0
13708,0
6585,1
15895,1
11308,0
799,1
7982,0
15479,1
9085,0
15162,1
888,0
6886,1
14835,0
13078,1
3701,1
2578,0
4960,1
15308,1
1070,0
16283,0
9782,0
13171,0
190,1
2783,1
10609,1
16407,0
13198,0
5948,1
6398,0
2330,1
9313,0
13028,1
5989,1
11856,1
15536,0
16230,0
7404,1
16947,0
14615,1
13874,0
14713,1
2455,0
11492,1
10027,0
11833,0
12377,0
9762,1
16981,0
16225,0
3131,0
598,0
832,0
11823,0
5653,0
168,0
8816,1
3645,0
15658,1
13602,1
12166,1
15948,0
4808,1
829,1
8027,0
12880,0
10526,1
11581,1
11657,0
13344,1
1088,0
14078,1
14429,1
174,1
4346,0
11496,1
4115,1
8890,0
660,1
11112,0
6129,0
16281,1
2865,0
8909,1
9767,0
3152,0
10589,0
5125,1
10080,0
9390,1
11456,0
16911,0
1479,0
15390,0
11247,1
12126,0
6795,0
8867,1
14167,0
15686,1
4830,0
10792,1
7121,0
15303,0
12609,0
13576,0
12113,1
37,1
13613,0
4001,1
9195,0
14612,0
11788,1
11743,0
15407,1
15455,1
4769,0
798,1
10057,0
10434,1
521,0
1460,0
10927,0
11975,0
14441,0
2359,0
3314,1
16667,1
31,1
9862,0
11166,0
16992,1
8775,0
2841,0
6086,0
15839,1
10543,1
122,1
11888,0
15126,0
7222,0
12176,0
13656,0
5953,0
9176,0
8267,0
10225,0
10367,1
2105,1
2361,1
3473,0
6078,1
15111,0
6881,0
4623,0
8663,0
14123,1
4694,0
5855,1
8557,1
1985,0
5111,1
10597,0
3182,1
875,0
14537,1
12023,1
134,1
16757,1
4025,1
8230,1
6808,0
4984,0
1543,0
1308,0
5187,1
5129,1
1881,1
12634,0
15118,1
13917,1
8326,0
4800,0
10375,1
12554,1
6730,0
15090,0
8713,1
9347,1
16524,1
5879,0
9736,1
5488,0
45,0
167,1
12282,0
15470,0
10072,0
16657,1
11767,1
10776,1
2076,0
12293,1
3132,1
1001,0
12993,0
16378,1
16454,1
15448,0
7537,1
2702,0
1845,0
1534,0
3714,1
3807,0
4951,0
9824,1
2429,0
4035,0
6734,0
12156,1
13327,0
2894,0
2601,0
33,1
11136,1
4219,0
11440,0
7917,0
6156,1
10782,0
8949,0
12110,0
13192,1
1142,1
11702,0
12751,1
3749,0
15382,0
1399,0
11483,1
9415,0
14072,1
5628,0
4508,1
14319,0
13784,1
5508,0
15817,1
675,1
15208,0
12234,0
3147,1
1933,0
14911,1
1647,0
8948,1
3598,0
6919,1
1748,0
15164,0
9412,0
14633,0
874,1
11885,1
11179,1
194,1
11549,1
6917,0
908,1
4467,0
13769,0
6942,0
88,0
14280,0
8693,1
16779,0
9812,0
13276,1
5583,0
1948,1
12421,0
9807,0
12965,0
369,0
9202,0
4608,1
11796,0
4771,0
12959,0
2371,1
9049,1
1424,0
14475,1
12221,0
1180,0
13483,0
217,0
11776,1
12417,0
16304,1
146,1
11887,1
16382,1
16765,0
2500,0
14780,1
8585,0
5505,0
15651,1
2306,1
9046,1
14103,0
16628,0
11538,1
14328,0
10845,1
10770,1
11533,1
5206,1
10617,1
1870,1
8842,1
16487,0
6920,1
3993,0
8311,0
11186,1
787,1
14204,1
8951,1
12366,1
11291,1
295,1
9256,0
16150,1
1645,1
4639,0
8179,1
5415,0
13177,1
605,0
11105,0
1658,0
12954,0
11762,1
3970,1
12793,1
10874,1
7675,0
9026,0
5548,1
10701,0
11849,0
1167,0
2551,1
13721,1
12489,0
4284,0
8495,0
8213,0
12687,1
16963,1
12169,0
9498,0
14555,1
2709,1
5412,1
3601,1
10899,0
4482,0
8172,0
12595,0
5249,0
2158,1
4696,0
7569,0
528,0
772,0
1231,1
3435,0
13385,0
2817,0
10365,0
4794,0
15305,1
16293,1
12755,0
16406,0
11344,0
828,0
12618,0
7337,1
12584,1
14459,0
13376,0
7325,1
16572,0
5280,0
13855,0
16269,1
2919,0
11718,1
7604,1
13120,0
12459,0
220,0
9315,0
7838,1
16574,0
1578,0
3382,0
10513,0
6892,1
4837,0
11685,0
8738,0
9992,1
6700,0
12923,0
8234,1
6249,1
2108,1
3947,1
16359,0
10429,1
4636,1
11098,0
14466,0
8545,0
16291,1
14278,0
976,1
5082,1
628,0
8840,0
7618,1
8073,1
12972,1
10932,0
2007,1
7502,0
13563,1
723,1
9960,1
2711,0
334,0
3474,1
260,1
15749,0
10586,0
4250,0
2445,0
7701,0
16000,1
16944,0
4273,0
16696,0
7411,1
7542,0
7349,1
4168,1
1916,0
11088,1
4309,0
15529,1
8788,0
5034,0
13256,0
14569,0
9571,0
16999,0
12244,0
15457,0
6940,1
14870,1
9418,1
13745,0
1524,1
11266,1
5554,0
1977,0
12212,0
201,1
16320,0
11380,1
3099,1
14973,1
9160,1
10638,0
5651,0
11713,1
11274,0
216,0
13343,0
6706,1
9346,1
14723,1
2491,0
5231,0
3267,1
9675,0
4542,0
1379,1
13991,1
14955,1
4293,1
8950,0
7827,0
343,0
12170,1
14516,1
10808,1
4172,0
1373,0
292,0
6023,0
10025,0
5003,0
12193,1
2162,0
14808,1
2515,0
7159,0
2040,1
3921,0
10012,1
2476,1
6774,1
12491,1
12863,0
12423,0
6109,0
507,1
9555,0
13387,0
7287,0
1587,1
12931,0
5286,0
5433,0
7653,0
1129,1
3496,1
3025,1
9585,0
11406,1
4142,0
716,1
6005,1
2107,1
14757,0
1700,0
13996,0
13782,0
1819,1
15561,1
8938,1
15228,0
3860,0
5880,0
2284,0
16169,1
1480,1
11548,0
1217,1
12563,0
15774,0
7566,1
4064,0
6505,1
9688,1
7894,1
10087,0
10131,1
5226,0
15581,0
8654,1
3833,0
7972,1
14126,0
16477,1
1581,1
10998,1
10282,0
555,0
3991,0
9252,0
2280,1
11510,0
15858,1
8740,0
7356,1
12492,1
11844,0
14695,1
10649,1
4664,1
10019,1
16236,1
5333,1
16689,1
454,1
1087,0
13898,1
14304,0
8190,0
10006,0
1302,0
3442,0
340,1
11818,0
7347,1
3481,1
7544,1
9728,1
5118,1
9035,0
12806,0
5319,0
5946,0
16694,0
3051,1
4433,0
610,1
7219,1
5962,0
4308,1
992,1
4019,0
7492,0
16590,1
2472,0
1927,0
1640,1
11527,0
15064,0
14270,0
8119,1
2535,0
7250,0
11801,0
944,0
4235,0
16268,1
7905,1
1457,1
6939,0
6611,0
5740,1
16663,1
5617,0
10713,1
488,1
8753,1
10574,1
5441,1
15799,1
10843,0
11765,1
2876,1
6062,1
15834,1
16503,1
16686,1
356,1
3813,0
11529,1
320,0
9179,0
12406,0
16,1
8932,1
13989,1
6323,1
3894,0
13176,0
2021,0
8733,1
3075,0
6298,0
4890,1
6020,0
16453,0
5521,1
5856,0
9560,0
10547,0
8074,0
6718,1
10953,0
4231,0
4635,0
4221,1
11264,0
4597,0
4630,0
7470,0
11656,0
10287,0
6673,0
11041,1
11667,0
4202,1
10471,0
16069,0
15594,0
11543,1
8764,0
10506,1
852,0
4672,1
2091,0
2618,1
14464,1
5875,0
14703,0
15266,0
991,1
5078,0
15487,0
6473,1
7060,0
1078,0
3908,1
12848,0
5228,0
10416,0
9341,1
2760,0
467,0
6196,1
7519,1
11359,1
15178,0
4392,1
6632,0
14904,1
14706,0
7442,0
10757,1
4818,0
13473,0
7906,1
12870,0
9625,0
9590,1
16998,0
15128,1
7439,1
3373,1
8195,0
5633,0
6358,1
14600,1
4247,0
119,1
13837,0
12499,0
15710,1
12419,0
11428,0
4029,1
11008,1
9757,0
11985,1
7564,1
272,0
16423,0
14192,1
15323,1
11035,0
13765,0
9214,0
13324,0
1983,0
7238,1
5852,0
6366,0
3972,1
4288,0
2201,1
5271,0
8156,0
13669,0
13140,1
2118,1
15022,0
1638,1
10354,1
8362,0
1438,0
14399,0
13499,0
6810,1
5987,0
10901,0
1485,0
13043,0
8306,1
5921,0
2600,1
3745,0
1106,1
12740,0
16185,1
16443,0
14952,1
9211,1
13125,1
3671,0
5149,0
6876,0
11621,1
9440,1
1462,1
9253,0
6258,0
15468,1
2214,0
12415,1
12122,1
6891,0
13540,1
16302,1
6152,1
725,1
13446,1
9068,1
9296,0
1963,1
1652,0
1113,1
12650,0
14595,0
5943,1
8193,1
13038,1
2826,1
11262,1
397,1
16847,1
9858,0
12341,1
10315,0
9331,0
4006,1
4676,1
6634,1
4255,1
3840,0
14759,1
15737,1
7999,0
14037,1
6752,1
7240,1
7628,0
13736,0
3882,0
9374,0
16617,1
12966,1
9631,1
920,1
14876,1
7440,0
1471,1
8360,0
15034,1
5303,0
16188,0
604,0
9134,0
8414,0
12905,0
16429,0
15763,1
495,1
2465,0
13109,1
12160,1
4018,1
2625,1
8107,0
1520,0
12106,1
1836,1
3539,1
11458,0
11566,0
4492,1
7765,1
836,0
13480,0
10951,0
4604,1
7352,0
16183,1
11443,1
10145,0
719,1
12026,0
1805,1
325,0
5482,0
6166,1
1121,1
14162,0
8535,1
16287,0
13827,1
9227,0
9957,0
16475,1
6227,0
12692,1
4848,0
4683,0
5866,0
13253,1
7456,0
6549,0
2261,0
9524,1
7224,0
13638,1
2119,1
13691,0
15026,1
11203,0
10316,1
3505,0
6474,1
1910,0
8582,1
7711,1
565,0
7263,0
14080,1
13735,1
8167,1
13821,1
7776,1
16095,0
8986,1
13619,0
6415,0
10115,0
16308,1
11007,0
3618,1
15992,1
6481,1
94,0
8413,0
2030,1
14598,0
9190,1
16261,1
13416,1
11069,1
13655,0
15218,0
13623,1
12773,0
4429,0
3883,0
14043,1
1741,0
7309,1
476,1
8902,0
11398,0
10762,1
14619,0
10611,1
13330,0
5053,1
15103,0
4384,1
12445,1
13521,1
14392,1
9608,1
5813,1
6846,1
6367,1
8078,0
9199,1
12614,0
4297,1
9140,0
6492,1
9488,1
3959,0
9431,1
12088,0
7400,0
1250,0
15978,1
11756,1
4742,1
15012,1
7876,0
5211,0
4944,0
6330,0
9378,0
10198,0
7471,0
7289,0
1391,1
11800,1
16456,1
13170,1
11184,1
7539,0
7091,1
9406,1
3514,0
7266,1
4957,1
14724,0
5426,0
15784,1
8332,1
8189,0
12032,0
3019,1
11303,1
1347,1
9614,0
12703,1
6589,0
1547,1
13331,1
8426,0
14613,1
10318,1
3951,1
15257,1
399,1
767,1
14099,1
6104,0
7622,0
286,1
7282,0
10631,0
14889,0
9725,0
13159,0
8166,0
9063,1
6912,0
11162,0
6192,1
11175,1
6488,1
15962,0
12690,1
15567,0
3374,0
13225,0
5122,0
11433,0
6698,1
10800,1
15869,1
2089,1
12517,1
10529,0
9788,1
5874,1
9288,1
13383,0
14342,0
10183,1
12020,0
11320,0
4832,1
10450,1
11595,0
3941,1
13267,1
712,1
10485,1
8094,0
1651,0
5114,0
7453,0
10265,0
5233,0
12576,1
13264,1
15298,0
9173,0
5338,0
14145,0
12873,1
10512,1
5385,1
1823,0
11603,0
14644,0
13290,0
12930,0
112,0
312,1
8481,0
4145,1
10705,1
15798,1
1035,0
16473,0
13616,1
12040,0
3795,0
7591,1
6259,1
15678,0
9375,1
11625,0
11452,1
6609,1
121,0
4386,0
11573,1
5431,0
4254,1
16511,0
8009,1
3619,0
6472,0
16121,0
11152,0
2337,0
5107,0
11478,0
4323,0
2778,0
10551,0
3148,1
14095,0
3930,1
5891,0
7376,1
15714,1
11534,0
16324,0
13045,0
13886,1
4495,0
1943,1
7115,0
4414,1
9223,0
6672,1
16597,1
12173,1
15145,0
9974,0
6536,1
7518,0
640,0
11415,0
9586,1
7312,1
9285,0
11436,0
6390,0
776,0
3569,1
2176,0
13960,0
10047,0
14812,0
14986,1
7863,0
8928,0
13056,0
14951,0
16483,1
6058,0
15249,1
3865,0
8273,1
8576,0
11220,1
8984,0
2175,0
13063,0
13035,0
9059,0
8588,0
1269,1
3411,0
12855,1
15847,0
9093,1
4986,0
5438,1
2973,0
13128,1
620,1
950,0
16961,0
5481,1
13279,1
6619,0
6244,1
5922,0
3636,0
8952,0
13667,1
5056,1
2473,1
2389,0
12313,0
1747,1
9255,1
2143,1
7031,0
8817,0
9413,0
3319,1
10196,0
12622,0
5607,0
15947,0
13086,0
2669,1
9036,0
12375,1
4755,1
5939,0
15630,1
10870,1
2044,0
1173,1
12927,0
7741,0
14379,0
7374,1
3600,1
466,0
11742,0
5761,0
5278,1
5168,1
8244,0
7135,0
9892,1
7969,0
4610,1
16866,1
14606,0
14522,0
3420,0
7051,0
12303,1
11269,0
5036,0
7516,1
1831,0
3035,0
10518,0
15279,0
7852,0
6301,1
12168,0
13805,0
1982,0
14221,1
3081,1
3030,0
13626,1
6030,1
16272,1
3359,1
9619,1
8400,0
8648,0
4194,0
6533,0
5466,1
6418,0
2456,1
9581,1
10092,0
7620,1
12477,0
1499,0
5507,1
16546,1
8636,1
1687,0
13818,0
12333,1
10601,0
14262,1
5178,1
13234,0
5270,0
16643,0
10317,1
16941,0
8691,0
8659,0
12540,1
14370,1
12593,0
9181,1
2260,1
7786,0
11571,0
2607,0
15610,0
8919,0
8688,1
11920,0
13884,0
5276,0
7621,0
13588,1
176,1
15942,0
1454,1
15812,1
11364,1
15753,0
12083,0
7768,0
1751,0
7873,0
12680,1
157,0
3553,1
13277,1
4134,1
7633,1
11201,1
9916,0
6625,1
843,1
16704,1
11701,1
14842,1
9930,1
14530,1
15383,1
13274,0
8383,1
10991,1
9122,1
9811,0
4236,0
530,0
4425,0
11305,1
5244,1
1338,0
4934,1
1272,0
16569,0
15167,0
16112,1
11444,0
8138,0
15969,0
7864,0
16416,1
8541,1
6943,0
665,1
11935,1
3380,1
7435,1
10052,0
6529,0
7818,0
6342,0
12958,0
7538,0
16717,0
6042,0
9962,0
5293,0
3266,1
10847,0
10923,0
8634,0
1034,0
1955,1
5739,1
15976,0
2459,1
393,0
11901,1
15316,1
2759,0
5564,1
1388,1
13572,1
15935,1
10737,1
4749,1
2291,0
8513,1
1267,0
16296,1
2249,1
10579,0
9156,0
9785,0
3965,0
1085,0
13948,0
14124,0
12731,0
7448,0
14801,0
14962,0
4404,1
12337,0
6665,1
16054,1
10607,0
12539,1
10089,0
10610,1
5164,0
13522,0
5806,0
12841,0
7205,1
9934,0
6461,1
6953,1
7733,1
9001,0
5693,1
15502,1
459,0
12273,0
14458,0
6396,0
3657,1
126,0
11772,0
2244,0
6676,0
6343,1
7549,1
1536,1
7119,0
15999,0
2454,0
2828,1
3750,0
8387,0
13678,1
13532,1
16630,0
11645,0
11399,0
9902,1
1218,0
10883,0
6739,1
9194,0
11036,1
10406,1
15664,0
16241,1
6439,0
9543,1
7737,0
5031,1
8722,1
3038,1
2873,0
6146,0
4993,0
10516,0
9095,1
5728,0
1304,1
9604,0
3256,1
10846,0
11948,1
11627,1
6713,0
3079,0
497,0
9605,0
533,1
12312,1
8016,0
15577,0
4685,0
16562,0
10288,1
14119,1
12847,0
10221,1
13040,1
16130,0
313,0
13071,1
16900,0
15184,0
14182,1
10385,0
4688,1
12373,0
8707,1
2438,1
12713,0
1868,0
4615,1
2976,0
14381,1
15589,0
1764,1
15760,1
12262,0
4330,1
1271,1
2686,0
16759,1
10730,1
5453,1
16231,0
6132,0
9261,1
12200,0
4125,1
2048,1
3061,0
15124,1
10823,1
16852,1
6853,0
5792,1
7559,0
16836,1
11714,0
6158,0
10391,0
8272,1
6085,0
13748,0
14641,0
7041,0
13936,0
12181,0
9168,1
12311,0
9915,0
10531,0
9789,1
10591,1
1468,0
6456,0
1826,0
6954,1
3681,1
9979,0
6848,1
12350,1
10063,1
9360,1
10169,1
13206,1
5831,0
7350,1
10020,0
206,1
15191,0
1021,1
3125,0
11431,0
872,0
6674,1
11511,0
14918,1
11033,0
11932,0
15705,1
10844,0
12851,1
1879,0
2799,1
6189,0
11121,0
10584,1
9835,0
1595,1
7919,1
6972,1
5243,0
2077,1
15472,0
1969,0
6122,1
10749,1
12822,0
11530,0
3281,0
2797,0
12082,1
7619,1
13496,1
7419,0
4135,1
9077,0
8789,0
6842,1
6575,1
16797,1
6224,0
5689,0
7965,0
9840,0
11705,0
15810,1
11672,1
5704,0
14152,1
7904,0
10420,0
1494,1
11567,0
12453,1
11257,0
13110,0
5006,1
7810,1
5745,0
13345,1
38,1
16312,1
14061,0
12145,0
10156,1
3628,0
6528,1
2343,0
3596,1
3260,0
11300,1
16843,1
7489,0
6147,1
863,1
10444,1
437,1
291,1
10178,0
9540,1
6550,1
1669,0
15922,1
5218,1
13556,0
3284,0
16904,1
15551,0
9078,0
11147,1
5010,1
4972,0
5449,0
1413,1
7582,0
9164,0
7703,1
16205,1
11205,1
10948,1
6924,1
12222,0
15509,1
12496,0
5225,1
1094,1
13528,1
2002,0
3822,0
13679,0
1091,0
4663,0
7239,0
9923,1
4123,1
15886,0
6260,1
12218,1
13975,1
2602,0
2397,1
12526,1
6960,1
16714,0
13013,1
10307,0
13746,0
16447,0
10539,1
6599,0
15787,1
10003,1
6248,0
1670,0
11758,1
16971,0
3176,0
4501,1
5174,1
4188,1
16436,1
7280,1
14624,0
6084,0
16002,0
11024,1
3318,1
15964,0
13923,1
8231,0
1336,0
2930,0
3884,0
7545,1
9971,0
5322,0
10147,0
12202,1
4900,0
11971,0
2915,1
7729,0
2227,1
5981,0
12483,0
6427,0
12254,0
8771,1
6483,0
3057,0
12748,0
15151,0
6617,0
6573,0
16931,0
10862,0
13466,0
12752,1
1726,1
14532,0
1814,0
3078,0
3214,1
4063,0
14130,1
5502,1
16286,0
12867,0
6800,0
13943,1
8018,1
14917,0
16176,1
639,0
14995,1
9771,1
949,1
8894,1
8313,1
242,1
6389,1
1513,0
9189,0
6645,0
9462,1
2831,1
1002,0
11886,0
2883,0
14913,0
12733,1
9594,0
3460,1
10422,1
11810,1
15304,0
150,0
14899,0
11664,1
1150,0
6934,1
1994,0
10685,1
3784,1
15443,0
10939,0
2327,0
14829,1
15007,1
14309,0
7028,0
10508,0
16928,0
1792,1
7985,0
11196,1
13479,0
4211,1
8910,1
6294,1
11649,0
169,0
13999,0
13774,1
12702,1
7342,1
4462,1
14607,0
1570,0
70,0
13259,1
10615,0
16649,0
834,0
9340,1
3192,1
2604,0
371,1
7056,0
15029,1
13149,1
5772,0
8945,0
917,0
11821,0
10835,0
9827,1
3861,0
10280,1
9177,0
7057,1
5992,1
1691,1
7059,1
6289,1
9281,0
13702,0
14662,0
10857,0
3154,1
14894,1
14354,1
14366,1
8848,0
16737,1
12632,0
12797,0
1872,0
7198,0
1775,1
7912,0
12789,1
16162,0
13648,0
2339,0
5702,0
4606,0
16194,0
7302,0
2004,0
14084,1
15778,1
15806,1
11472,0
15826,1
6847,0
2528,1
12310,0
15734,1
13859,0
14474,0
15199,0
2572,0
16274,1
5770,0
4908,0
4891,1
8398,1
3998,1
9031,0
15628,0
1453,0
13381,0
2942,0
16556,0
3488,1
6859,1
5307,0
4230,1
6658,0
3856,1
3780,0
14316,1
13799,0
1332,0
14632,0
16554,1
16465,1
3895,1
3479,1
9958,0
12704,1
9597,0
3806,0
14989,1
541,1
11502,1
864,0
9158,0
861,1
5926,1
5284,1
7072,0
4938,1
9700,1
9718,0
8445,0
6274,1
11113,0
1261,0
5124,1
3017,0
10865,0
13417,1
2421,1
5530,1
12146,0
1875,0
4860,1
435,0
9205,0
13154,0
11633,1
187,1
11610,0
6491,0
11599,1
1743,0
9251,1
9650,0
10313,1
14678,1
3824,0
16356,0
9682,1
2385,0
16955,1
2503,1
1667,0
1179,0
181,1
15219,1
8672,1
9939,0
4030,0
50,0
4896,1
2606,1
8917,1
10404,0
10219,0
4069,0
7134,0
2393,1
14582,0
8011,1
1233,1
3023,0
9203,0
57,0
3188,1
9131,0
7118,1
16464,0
3335,0
4790,0
13937,1
10892,1
3183,0
12668,0
9038,1
10908,0
7038,0
7027,1
10629,1
20,0
6823,0
1442,0
7223,0
1597,1
7136,0
11155,1
2761,1
1554,0
2184,1
7854,1
13934,1
8627,1
16982,0
3245,0
2141,1
2272,0
15141,0
8112,0
2440,0
509,1
7739,0
13954,1
7367,0
5361,0
7161,0
5101,0
5179,1
9692,0
13494,1
15893,0
3050,0
7150,1
14052,1
11902,1
12034,0
16980,0
15687,0
15063,1
1615,0
3634,0
10487,1
14549,1
7506,0
6111,1
11109,0
5073,0
7418,1
14821,0
4750,1
9028,0
13005,0
6553,0
2270,1
457,0
7171,1
304,1
11468,0
7265,1
7291,0
10569,1
16039,1
7201,0
5048,0
7798,1
16244,0
823,0
7129,0
10491,1
9438,0
16467,1
634,1
6586,1
1630,1
9657,1
733,0
265,0
16157,0
8040,0
11769,1
491,1
10300,0
8346,1
1363,0
7947,1
14574,0
10009,1
9149,0
12036,0
8210,1
15153,1
8022,0
133,1
1429,0
16513,1
13205,1
3350,0
1978,1
11417,1
2690,0
8843,0
15926,1
7800,0
15624,0
15286,0
1082,0
10176,1
14589,0
5461,1
15393,0
11926,1
2502,0
2157,0
11084,1
9311,1
14047,1
13978,0
7366,1
8979,1
1281,1
16147,1
8282,1
13083,0
16331,1
2064,1
8223,1
8683,0
11309,1
14897,0
608,1
7317,1
12205,1
6095,1
4106,1
5406,1
11946,0
12238,1
12813,0
613,0
5988,0
9066,1
9679,0
16042,0
2980,0
2033,0
11217,0
11495,0
8317,1
15903,0
12978,1
1060,1
4263,0
5439,0
6478,1
15229,1
12233,1
14352,1
12455,0
10752,0
8606,0
1357,0
366,0
13157,1
14914,0
14195,0
13252,1
12268,1
2085,1
10780,1
8555,0
10388,1
12991,0
12818,1
13879,1
930,0
1256,1
16802,0
16906,0
1567,1
14653,0
14716,1
3261,1
8747,0
8646,1
12883,1
9,0
5965,0
245,0
526,0
16451,1
14150,0
4281,0
4720,0
5069,0
1309,0
6916,1
13405,1
4777,0
5759,1
6888,1
13524,0
4084,1
9999,0
743,1
2288,0
4296,1
14814,0
7862,0
8339,0
3375,0
9100,0
4431,0
1789,0
6349,1
16497,0
3586,1
2560,1
15617,1
9300,0
10783,1
10321,0
9030,1
6669,0
6651,1
14647,1
5155,1
15295,0
12075,1
15701,1
6075,1
5997,0
7875,1
13347,1
14388,1
12753,1
8710,0
5982,0
15075,1
10866,0
13569,1
9080,0
10577,1
16917,1
4109,0
4306,1
8534,1
2247,0
13399,0
6237,1
7926,0
13437,0
11775,1
15924,0
15713,1
11156,0
760,0
10726,1
3545,1
12667,1
14663,0
15623,0
2777,1
16174,1
16046,0
14468,1
3935,0
8439,0
3775,0
13316,0
7967,1
15528,0
6403,1
8516,1
11760,1
3595,0
5613,1
15546,1
4191,1
2444,0
4798,0
8881,0
12241,0
10451,1
7826,0
5664,0
16154,1
7944,1
13094,1
4831,1
14422,0
10583,1
2764,0
13539,0
1542,0
7663,0
9474,0
4659,0
9591,0
2696,0
13714,0
15844,1
1292,1
3558,0
12725,1
9521,1
10138,1
11539,1
6715,1
4629,1
6236,0
1120,0
9111,1
11807,0
2311,0
9070,1
14560,0
14155,0
2787,0
15062,0
7921,1
7614,1
12080,1
10137,0
9295,0
11233,1
3919,1
6649,0
7577,0
14691,1
16249,0
8241,1
2224,1
1437,0
14617,0
16751,1
1988,0
7796,1
6116,0
15982,0
16360,1
6828,1
14985,0
2150,1
11176,0
7423,1
13876,1
14177,0
11790,0
5677,1
13739,1
15046,0
1761,0
14745,0
15814,1
15336,0
11432,1
15517,1
8337,1
7133,0
11650,1
257,1
6368,1
9760,1
8305,0
10235,0
258,0
8240,0
5659,1
9186,0
2862,0
11132,1
8517,1
15611,0
13790,1
1098,1
10202,1
7122,0
1563,1
8316,0
7006,0
9887,0
6031,1
6165,0
1201,0
5818,0
16966,1
14963,0
8624,0
8451,0
8122,1
11068,0
11288,0
16648,1
1899,0
9424,1
2994,0
9711,0
8992,0
2907,0
4674,1
2466,1
14792,0
6455,0
2152,1
4880,0
11673,1
10415,0
3650,0
9355,1
14137,0
10840,0
15421,1
4936,0
554,1
9644,0
16973,0
6022,0
7395,1
11587,0
13064,1
6889,0
8217,0
15392,1
7218,0
14772,0
8968,0
10861,0
8308,0
6459,1
11812,1
4226,0
14637,1
12345,0
3024,1
2934,0
8436,0
12691,1
12272,0
5065,1
1095,0
14161,0
2206,1
5969,0
5636,0
3667,1
13014,1
10621,1
7473,1
16334,0
13469,1
16480,0
2450,1
9568,0
1856,1
9620,1
805,0
7721,1
8787,1
11130,0
3480,0
6978,0
2658,1
16461,0
11783,1
6873,0
9250,0
16343,0
350,1
13794,1
9332,1
15340,0
13828,0
5018,0
4842,0
4022,1
12434,0
10230,1
4313,1
9558,1
10126,0
6637,0
4804,0
7100,0
10876,1
13911,1
4737,0
10884,1
16123,0
11628,0
16009,1
13168,1
15374,1
3032,1
12476,0
14979,1
12672,1
4091,1
16342,0
3679,0
16417,1
9516,0
5590,1
9699,1
7678,0
7327,0
16452,0
8434,0
4244,0
10647,1
2617,1
3311,0
3157,1
5782,1
4249,0
4301,0
12599,0
5720,1
9901,0
13662,0
3118,1
15576,0
4500,1
15306,0
2553,0
14614,1
15036,0
5640,0
11058,0
3310,0
5893,0
1387,0
2294,0
7855,0
4977,0
9192,0
5824,1
9130,1
8521,0
3852,1
1402,0
11612,1
15696,0
3368,0
13583,1
16034,1
10988,1
5235,1
6199,1
4834,0
7986,1
11777,1
2630,0
8888,1
188,0
6864,1
8614,0
5285,1
14438,0
5793,0
6511,0
10626,1
13068,0
14866,0
16116,0
3076,1
10784,0
7683,1
9755,0
14734,1
13804,1
6226,1
14611,1
4741,0
2627,1
10802,0
16508,0
15527,1
5603,1
8406,0
12186,1
12586,1
7562,1
13834,1
16016,1
3590,0
13591,1
9991,1
4503,1
11290,1
153,1
15585,1
1701,0
6215,0
8681,1
2232,0
4367,0
12382,1
6032,0
8085,1
4476,0
11135,1
3326,0
16160,1
16138,0
14845,0
7483,0
8571,1
581,1
2916,0
8233,1
5141,0
7237,0
10833,0
2595,1
9445,1
16279,0
7455,1
4013,0
15728,0
2101,0
14251,0
4592,1
9517,0
4149,1
6069,1
1654,1
5747,1
9423,1
10721,1
9018,1
15446,1
2238,1
13888,0
10262,0
3002,0
2411,1
127,1
2584,1
2643,0
6843,0
9572,1
5900,0
1238,1
11579,1
12532,1
16318,1
16748,0
14936,0
15761,0
1202,1
11028,0
1750,1
8607,0
13178,1
1270,1
16604,1
10878,1
16355,1
3759,0
4632,1
11963,1
10750,1
12297,1
13944,0
276,1
812,1
4395,0
8780,0
1483,1
532,1
2712,1
722,1
16725,0
15791,1
10061,0
5214,0
5577,0
6287,0
7960,1
13396,0
16679,1
14733,0
12053,0
11171,1
7811,1
14068,1
3964,1
1911,0
7362,1
10930,1
12041,1
4439,1
4368,1
7,0
12307,1
5297,1
10563,0
16285,1
11221,1
9439,0
11711,0
10915,1
2856,1
10895,0
2059,1
4861,1
12189,0
15320,1
13474,0
3831,0
14294,0
1961,1
12541,0
9601,0
15190,1
10294,0
9126,0
10113,0
1189,1
16448,1
12367,0
3662,0
14105,1
2861,0
164,0
2984,0
14125,0
15047,0
11721,0
8847,0
3151,0
9751,0
12512,0
9910,0
7927,0
16326,1
2087,0
6681,1
237,1
5957,0
7772,1
2946,1
10652,1
5920,0
15129,0
12590,1
8382,1
12715,1
8175,0
12011,0
6029,0
13329,1
296,0
16839,0
6148,1
3169,1
8328,0
10729,0
10692,0
5822,1
12564,1
15699,0
6178,0
10655,0
3016,0
15786,1
16050,0
11414,1
7167,1
8509,0
16902,1
10775,0
6856,1
925,1
12719,0
1297,1
6862,0
8184,1
8783,0
729,1
6948,0
8218,0
785,0
9643,0
332,0
9860,0
8858,0
11246,1
3992,1
14325,0
13869,0
11890,0
3254,0
10554,0
8407,1
13711,1
1796,1
16875,1
14481,1
2171,0
16958,1
2268,0
11259,0
13854,0
16563,0
2228,1
16457,0
4612,1
14236,0
11551,0
14942,0
138,1
16974,1
253,1
1580,0
42,0
7943,1
155,0
9237,1
4428,1
16711,0
6071,0
16233,0
7755,0
10576,1
1236,0
1322,1
11597,1
16723,1
2519,0
5044,1
14831,0
12260,0
12129,1
5966,0
1628,1
10228,0
3180,1
9792,0
4730,1
3353,1
14924,0
14701,0
11961,0
10731,0
3299,0
10160,0
14229,0
5967,0
7611,1
11863,1
16295,1
13674,1
4840,1
7358,1
5738,0
5685,1
12635,0
11169,1
16258,1
10654,1
12069,0
4089,0
3945,1
12655,0
16148,1
7510,1
13973,1
9057,0
15096,0
8228,0
11384,0
2999,0
8176,0
13757,0
6897,0
11016,1
15349,1
4157,0
2819,1
1282,1
14435,1
2729,0
5,0
9258,0
1753,0
4402,0
13958,1
3747,0
16468,1
16943,0
11734,0
5858,1
3857,0
14861,0
13024,0
6759,0
7710,0
10486,0
7770,1
11866,1
12280,1
12621,1
11500,0
10045,0
13502,0
5265,0
12179,1
1866,1
13293,1
1101,1
5501,0
7351,0
16790,0
15936,0
2554,0
6279,0
6307,1
4747,0
6526,0
2417,1
879,1
6693,0
3699,1
16806,1
8168,1
7974,0
2134,1
6107,1
9145,1
4041,0
7306,0
13777,0
13132,0
15030,0
8965,1
4995,0
16926,0
7235,1
15675,1
7274,0
16239,0
5318,1
7585,0
3159,1
284,1
1245,0
10933,1
4076,1
443,1
6351,0
7433,0
8100,1
15927,1
14783,1
2395,1
2406,0
6378,0
13478,0
5068,0
9777,0
10267,1
597,0
671,1
16817,0
10911,0
1312,1
1756,0
5500,1
13637,0
12852,1
16408,0
7889,0
14623,1
13156,0
9274,1
15302,0
8081,1
16420,0
11859,1
12594,1
6944,1
14503,0
2182,0
7010,0
534,0
7603,1
5381,0
10850,0
3369,1
14836,0
8580,1
8679,0
4919,1
4055,1
4434,0
398,1
7825,0
13271,0
11494,1
2687,0
11604,1
10596,0
8835,1
11261,0
15327,0
15053,0
14751,1
12711,0
15868,1
16289,1
1047,0
6680,0
13697,0
2364,1
8405,0
15887,0
3851,0
7368,1
13706,0
2051,0
10204,1
10083,1
4399,0
4707,1
3755,0
5157,0
87,1
10853,0
15825,1
12573,1
13065,0
15596,0
1683,0
3648,0
15445,1
8828,0
7532,1
12463,0
7231,1
13557,0
14463,1
15309,1
1530,1
7901,1
4388,0
5828,0
7723,0
9703,1
10449,1
10837,0
12231,1
7801,1
4075,1
3680,1
9465,0
16145,1
8561,0
4773,1
14055,0
7343,0
4809,1
16544,0
12631,0
692,0
9759,0
12795,0
15937,0
12037,0
7386,0
16811,0
6805,1
16654,1
6208,1
5093,1
13303,0
11942,1
9034,1
12142,1
14455,1
7297,1
11827,0
5563,0
9705,1
10153,1
6971,1
5165,0
8991,0
11427,1
10996,0
13529,1
6850,0
11404,1
12460,0
6544,1
7417,0
5518,1
15733,1
5682,0
2530,1
12853,0
6046,1
8206,1
2975,1
2717,0
10460,1
7170,1
13410,0
14721,1
14356,0
9175,1
12190,0
7923,0
1220,1
144,0
6024,0
4350,0
11101,1
396,0
3283,1
11523,0
12209,0
7572,0
8860,1
5847,0
11331,0
14604,0
16664,0
11855,0
9348,1
12446,0
11473,1
2860,0
16731,1
1170,0
1518,1
13219,1
16820,0
2137,0
2730,0
14864,1
6254,0
13425,1
12944,0
10710,1
345,0
15114,0
15578,1
12452,1
7735,1
5639,1
5925,0
16611,0
13465,0
14766,0
13019,0
6554,1
1414,0
11647,0
7009,0
15438,0
14452,1
14898,1
6183,0
2849,1
6877,0
14496,0
274,0
15508,0
14242,1
125,0
13144,0
16991,0
7757,1
11644,0
11190,1
90,1
13908,1
16570,1
1559,0
8759,0
6946,0
13687,1
8368,1
12831,1
12786,1
887,1
4424,0
4159,0
7204,1
6894,0
4523,1
2177,0
12798,0
1346,1
2164,0
2377,0
14365,1
1509,1
12010,0
4700,1
5173,1
13759,1
9342,0
12685,0
439,0
14446,1
9075,1
3700,0
3814,0
3109,0
10364,0
6597,0
16316,0
897,0
15185,1
15977,1
3485,0
3923,1
16180,1
7046,0
865,0
5750,0
9574,0
3412,0
4816,1
15685,1
14016,1
5150,0
3827,0
8630,0
7088,0
10570,0
837,1
10016,0
4725,1
3986,1
6571,1
7503,0
5183,1
15986,1
14315,0
13224,0
14448,0
8512,1
6530,1
1043,1
16870,0
8293,0
8391,1
9048,1
7681,1
7050,0
12118,1
3088,0
15161,1
6425,0
11925,1
12819,0
6256,1
4359,0
3933,0
5619,0
6710,1
10386,0
14275,0
5033,0
955,0
11837,0
680,0
15602,0
5642,0
13566,1
9088,1
8703,1
2746,1
2153,1
3524,0
9937,0
10064,1
6201,0
7476,1
8136,1
7576,0
4534,1
6446,1
4258,0
11207,0
983,1
14003,1
11293,1
12298,1
10341,0
8108,1
12370,0
16775,0
6667,0
4631,0
13575,1
13415,1
13493,1
10704,1
12358,0
10222,1
8592,0
7314,0
2189,0
13395,0
15346,1
4423,0
9132,0
9069,1
3673,1
12422,0
256,1
1760,0
11936,0
5623,0
5320,1
2011,0
11808,0
4962,0
14,1
7458,0
9843,0
3146,0
15028,1
1772,0
6608,1
11191,0
11611,0
11722,0
7996,1
15841,1
3294,1
4628,1
13485,0
254,1
14677,1
5807,1
15925,0
9187,0
3453,1
14001,1
7558,0
14554,0
5762,0
12112,1
15538,0
16190,0
8729,0
13863,1
10295,1
4992,0
14363,0
14868,1
4578,0
2875,1
378,0
5578,1
11302,0
8026,0
8761,1
13682,0
678,0
2908,0
11986,0
5475,1
12909,0
16422,0
7523,0
9349,1
8667,1
5134,1
15297,0
7896,1
15742,0
5586,0
7587,0
6884,0
5543,0
3476,0
14385,0
2082,0
16962,0
4946,0
5717,0
6190,1
12665,1
8701,1
7089,1
9141,0
418,1
6271,0
9013,0
15793,0
15092,1
1008,1
15180,1
10093,0
4525,0
2483,1
9687,0
10358,0
15726,0
12494,0
14548,1
14228,1
8366,1
15782,1
13185,0
16402,1
11263,1
7126,1
4943,0
9982,1
12155,0
6433,1
6060,1
10914,0
5584,1
9003,0
10766,0
8929,0
7655,1
14086,1
9888,1
5840,1
14559,0
1678,1
15797,1
14884,1
477,0
7430,1
14649,1
9430,0
6082,0
1265,1
3064,0
11140,0
16807,1
3617,1
16614,1
8465,0
6167,0
11966,1
6465,1
14300,0
11881,1
3889,0
9087,0
7330,1
6268,1
8298,0
14189,1
9133,0
4183,0
9105,1
13233,0
7634,0
11379,1
83,0
10778,0
13643,0
982,1
12638,0
16683,0
3682,0
8441,0
11678,1
1083,0
988,0
10431,1
15387,0
5252,1
2017,1
12117,0
10141,1
4480,1
724,0
10314,0
1259,0
1611,0
2983,0
2046,0
8247,0
10558,1
11725,0
8937,0
4111,1
7868,0
2898,0
9206,0
12949,0
2113,1
7881,0
6931,0
9492,1
7099,0
4780,1
8089,0
8650,0
13915,0
8490,1
2213,1
8905,0
4681,1
7321,0
12601,1
12462,0
6686,1
16652,1
11588,1
1279,1
8198,1
1376,0
11631,0
11138,0
7260,0
15882,0
16020,1
14666,1
5662,1
2590,0
644,0
600,0
1105,0
8164,1
13559,1
12760,1
11824,0
7501,0
9913,0
500,1
10369,0
12777,0
1869,0
8277,0
1529,0
8523,0
1240,1
637,0
8460,1
10455,0
15864,0
13323,0
11499,1
6798,1
10754,0
3880,0
3497,0
39,1
6322,0
13449,1
7584,0
14813,1
12064,0
3535,0
15269,1
1109,1
3223,0
7892,0
14634,1
9475,1
2180,1
10234,1
6263,1
7310,0
1467,1
192,0
3581,0
3660,0
15171,0
11108,0
15738,1
8283,1
11797,1
10438,1
5357,0
12684,0
11412,1
9115,1
11565,1
3378,0
172,0
5766,1
15444,0
6639,0
3464,0
14803,1
9836,0
14237,0
4991,0
15471,0
928,1
294,0
1067,0
10993,1
6643,1
12784,0
4901,1
6887,1
16210,0
15173,0
13875,0
3978,0
15956,0
15613,1
14905,0
7902,0
6722,1
13955,0
1766,0
2513,0
5260,0
3471,1
11418,1
15915,0
11537,0
13533,1
7109,1
12975,1
1275,0
13265,0
14575,0
5378,0
12648,1
5416,1
16506,1
7071,0
15629,0
10746,0
12765,1
11149,1
15636,1
10920,0
15820,0
1941,1
10459,0
16905,1
9754,0
8449,1
14752,1
8712,1
4138,0
12147,0
16532,0
16650,0
7933,0
10777,0
2334,1
16297,1
16463,0
487,0
11615,0
13458,0
5941,0
9226,1
10482,1
12253,0
4647,0
12869,0
14113,0
3285,0
1122,1
15006,0
4734,1
8169,0
11703,1
338,1
8064,1
5808,0
15363,1
1585,1
11075,1
6139,0
2786,1
9235,0
11740,1
1342,1
14252,1
2943,1
3635,1
5463,1
9108,0
8416,0
5815,1
12988,0
15321,0
10395,1
4447,0
14892,1
3345,1
15535,1
3367,0
6319,1
13367,0
918,1
8528,0
5895,0
6756,1
5931,0
10604,1
10534,0
15716,1
2168,0
4866,0
6217,0
13114,1
1573,1
1593,0
6839,1
7486,0
2379,0
11164,0
13237,0
10382,1
10031,0
9282,1
14819,0
11022,1
11525,0
10040,0
1284,0
15718,0
1466,0
9649,0
9953,0
8102,1
15447,0
3522,0
2070,1
11129,0
1516,0
16678,1
5725,0
4847,1
8918,0
16835,1
13811,1
1242,1
5670,0
7795,0
15890,1
8728,0
8690,0
12304,0
8939,0
9532,1
2697,1
16505,0
9204,0
1285,1
15371,1
7606,1
8550,1
6591,1
2954,1
13717,1
6923,1
9907,1
1556,0
10769,0
3587,1
1665,0
8859,1
3669,0
2464,1
16193,1
6711,1
14930,1
4382,1
7750,1
3305,0
1811,0
1656,0
3344,0
4967,0
11892,0
5334,1
16243,1
5047,1
9821,1
6726,0
1501,0
6391,1
7104,1
4214,1
